,Epoch,Ld,Lr,Lb,Loss,Rt
0,0.0,25.335681915283203,2.0854134559631348,0.03243863955140114,635.5098266601562,5.0970001220703125
1,1000.0,0.0019636342767626047,0.002654868643730879,1.0553360880294349e-05,0.05175628140568733,2.631197929382324
2,2000.0,0.003369854297488928,0.002111587440595031,1.1259737220825627e-05,0.08636920154094696,3.0333540439605713
3,3000.0,0.0018013818189501762,0.0016887492965906858,7.308781732717762e-06,0.04673060402274132,2.704760789871216
4,4000.0,0.0006585418595932424,0.0012961283791810274,5.026707640354289e-06,0.017764702439308167,2.856588125228882
5,5000.0,0.002670011483132839,0.001023953896947205,7.175356131483568e-06,0.06778141856193542,2.652420997619629
6,6000.0,0.0009670017170719802,0.0008013425394892693,1.3384442354436032e-06,0.024977723136544228,2.6528031826019287
7,7000.0,0.004041040316224098,0.0006979223107919097,1.3790861885354389e-05,0.10173772275447845,2.7355246543884277
8,8000.0,0.0006413645460270345,0.0005695131840184331,4.624095709004905e-06,0.01660825125873089,2.5693089962005615
9,9000.0,0.0006602367502637208,0.0014357903273776174,4.955661097483244e-06,0.017946666106581688,2.7567381858825684
10,10000.0,0.00047702560550533235,0.0011974986409768462,1.3914230976297404e-06,0.013124530203640461,2.709562301635742
11,11000.0,0.0007302039302885532,0.0010453722206875682,3.1774684430274647e-06,0.01930364780128002,2.5901737213134766
12,12000.0,0.0014399777865037322,0.0008913213387131691,3.118332642770838e-06,0.03689388185739517,2.568725109100342
13,13000.0,0.00034647059510461986,0.0008360991487279534,1.0639082574925851e-06,0.009498927742242813,2.657782554626465
14,14000.0,0.0014312731800600886,0.0007475620950572193,4.260305104253348e-06,0.0365336537361145,2.572098731994629
15,15000.0,0.0001467859256081283,0.000689996057190001,1.0936191756627522e-06,0.004360738210380077,2.6352157592773438
16,16000.0,0.0012310747988522053,0.0005707885138690472,6.6391185100656e-06,0.03135429695248604,2.6371846199035645
17,17000.0,0.0003357193199917674,0.0009309991146437824,1.89845081877138e-06,0.00932588055729866,2.577883005142212
18,18000.0,0.00026378227630630136,0.0008187612402252853,7.503543884013197e-07,0.007414068095386028,2.596865177154541
19,19000.0,0.00017280438623856753,0.0007530759321525693,6.039998652340728e-07,0.00507378950715065,2.573369026184082
20,20000.0,0.0013324739411473274,0.0006496080895885825,6.793874490540475e-06,0.0339682511985302,2.6462910175323486
21,21000.0,0.000238441105466336,0.0006209833081811666,1.7904895912579377e-06,0.006583801005035639,2.5669734477996826
22,22000.0,0.0008462386904284358,0.0005069258040748537,2.045107521553291e-06,0.0216649379581213,2.6234519481658936
23,23000.0,0.0001263390004169196,0.000489282188937068,2.3434681395428925e-07,0.0036479916889220476,2.6115036010742188
24,24000.0,0.0007316494593396783,0.00048458020319230855,4.796710072696442e-06,0.01878061331808567,2.875598192214966
25,25000.0,0.0001129284719354473,0.000400233780965209,7.958660717122257e-07,0.003224241314455867,2.643399715423584
26,26000.0,0.00033960415748879313,0.00038049931754358113,1.5153755157371052e-06,0.008872118778526783,2.8221826553344727
27,27000.0,0.0001431891869287938,0.0003339878749102354,2.438714830077515e-07,0.003913961350917816,2.585012435913086
28,28000.0,0.0006665245164185762,0.0003004751924891025,1.072729787665594e-06,0.016964660957455635,2.570530652999878
29,29000.0,0.00015844573499634862,0.0003106403455603868,5.161523404240143e-07,0.0042722998186945915,2.7890260219573975
30,30000.0,0.0002335751778446138,0.00027118451544083655,9.280393555854971e-07,0.006111491937190294,2.732621192932129
31,31000.0,0.0005243412451818585,0.0002490614424459636,3.634846962086158e-06,0.013361227698624134,2.6844167709350586
32,32000.0,0.00028258582460694015,0.000681697390973568,8.737063694752578e-07,0.0077472166158258915,2.5757699012756348
33,33000.0,0.0002464810386300087,0.0005121246795170009,4.0168896475734073e-07,0.006674552336335182,2.5585103034973145
34,34000.0,0.00019012765551451594,0.00046366482274606824,2.3696884454693645e-06,0.005219226237386465,2.6170434951782227
35,35000.0,0.0008944071596488357,0.0004126253188587725,3.6222252219886286e-06,0.02277642861008644,2.5644445419311523
36,36000.0,0.0006821008864790201,0.00041189236799255013,1.2353069678283646e-06,0.01746564917266369,2.871880531311035
37,37000.0,0.00026028588763438165,0.0003500362508930266,5.466180823532341e-07,0.006857729982584715,2.6318769454956055
38,38000.0,0.00023647955094929785,0.00030532677192240953,2.187814288845402e-06,0.006219503004103899,2.565889835357666
39,39000.0,0.00011930726759601384,0.0002792970626614988,5.942737288933131e-07,0.0032625729218125343,2.5719964504241943
40,40000.0,0.00023973730276338756,0.00024570379173383117,3.8921442069295153e-07,0.006239525508135557,2.6030256748199463
41,41000.0,0.00013092011795379221,0.0002484429569449276,6.56906422591419e-07,0.0035221027210354805,2.588747262954712
42,42000.0,0.00022018927847966552,0.0002280399639857933,2.659696178852755e-07,0.005733037833124399,2.5740721225738525
43,43000.0,0.00011959124822169542,0.00019813062681350857,1.8375939703219046e-07,0.003188095521181822,2.5862152576446533
44,44000.0,0.00031813193345442414,0.00019680694094859064,6.598988306905085e-07,0.008150765672326088,2.8854479789733887
45,45000.0,0.00017097144154831767,0.00020713513367809355,5.0796478490156e-07,0.004481928888708353,2.6847891807556152
46,46000.0,0.00016293952648993582,0.00018424334120936692,6.569326842509327e-07,0.00425838865339756,2.581681966781616
47,47000.0,0.00018808995082508773,0.00016995580517686903,1.0608501952447114e-06,0.004873265046626329,2.7598040103912354
48,48000.0,0.000567517417948693,0.00018434949743095785,1.353102788925753e-06,0.014373638667166233,2.7007293701171875
49,49000.0,5.0834201829275116e-05,0.0001562627003295347,1.6392840507251094e-07,0.0014272816479206085,2.7391889095306396
50,50000.0,0.00011324117076583207,0.0001689579657977447,3.77578828647529e-07,0.0030003648716956377,2.5709495544433594
51,51000.0,0.0002000438398681581,0.00016278590192086995,1.824937925221093e-07,0.005164064466953278,2.8101654052734375
52,52000.0,9.929748921422288e-05,0.00015702415839768946,1.5654728713343502e-07,0.0026396180037409067,2.6459877490997314
53,53000.0,8.813716704025865e-05,0.00015922109014354646,3.8867355556249095e-07,0.0023630387149751186,2.9081151485443115
54,54000.0,5.319003321346827e-05,0.0001483797241235152,2.0710751869046362e-07,0.0014783376827836037,2.6801860332489014
55,55000.0,2.2694151994073763e-05,0.00016055292508099228,1.7784169870083133e-07,0.000728084531147033,2.598088502883911
56,56000.0,8.82901658769697e-05,0.0001352581602986902,9.337509254692122e-07,0.002343445783481002,2.6262943744659424
57,57000.0,0.00010388835653429851,0.0001360307796858251,9.262334401682892e-07,0.00273416587151587,2.7988271713256836
58,58000.0,2.3848309865570627e-05,0.00012485399201977998,6.042008493523099e-08,0.0007211221382021904,2.596294403076172
59,59000.0,1.7425893020117655e-05,0.00012771622277796268,1.6669703484240017e-07,0.0005635302513837814,2.8049633502960205
60,60000.0,4.4332922698231414e-05,0.0001238217082573101,7.71958070799883e-08,0.001232221955433488,2.656670331954956
61,61000.0,4.533167157205753e-05,0.00011328814434818923,2.3628430767530517e-07,0.0012468162458389997,2.6098403930664062
62,62000.0,9.353053610539064e-05,0.00011034301860490814,8.891385050446843e-07,0.00244949571788311,2.5750443935394287
63,63000.0,1.4538444702338893e-05,0.00010903918882831931,1.2492859013946145e-07,0.0004726252518594265,2.6090028285980225
64,64000.0,2.6497435101191513e-05,9.960048191715032e-05,3.7389762042039365e-07,0.0007624102872796357,2.642693281173706
65,65000.0,4.299217107472941e-05,9.783654240891337e-05,6.078088432559525e-08,0.0011727015953511,2.8135862350463867
66,66000.0,1.4141869542072527e-05,9.892910748021677e-05,2.4179007596103474e-07,0.00045271762064658105,2.6816186904907227
67,67000.0,2.1396894226199947e-05,9.38674493227154e-05,3.1647184073335666e-07,0.0006291062454693019,2.6117475032806396
68,68000.0,1.2098788829462137e-05,8.39280619402416e-05,1.0181951637378006e-07,0.00038649956695735455,2.7935290336608887
69,69000.0,4.256764441379346e-06,8.274032734334469e-05,2.7577630845598833e-08,0.0001891870197141543,2.576263189315796
70,70000.0,6.581487104995176e-05,9.224021778209135e-05,4.528476438281359e-08,0.0017376572359353304,2.7161102294921875
71,71000.0,3.0127707759675104e-06,7.855738658690825e-05,3.4281995908713725e-08,0.00015391095075756311,2.5851173400878906
72,72000.0,0.0001955346087925136,9.118689922615886e-05,8.36323465591704e-07,0.004980388097465038,2.6722662448883057
73,73000.0,8.166376210283488e-05,7.762037421343848e-05,1.9205633350338758e-07,0.0021194065921008587,2.618406295776367
74,74000.0,6.874615792185068e-05,8.130040077958256e-05,6.053424499441462e-07,0.0018005596939474344,2.5663723945617676
75,75000.0,5.734294609283097e-05,7.098681817296892e-05,1.0867007915749127e-07,0.001504669082351029,2.803234338760376
76,76000.0,1.2144043921580305e-06,6.405672320397571e-05,1.296259988237125e-08,9.442980081075802e-05,2.6621997356414795
77,77000.0,4.935926335747354e-05,6.048084469512105e-05,5.354199288376549e-07,0.001294997869990766,2.617056131362915
78,78000.0,7.704627932980657e-06,6.484273762907833e-05,2.1681119122263226e-08,0.0002574801037553698,2.5930895805358887
79,79000.0,2.9899090350227198e-06,5.472699194797315e-05,8.336050427715236e-08,0.0001295580732403323,2.571629524230957
80,80000.0,1.9790171791100875e-05,5.2694693295052275e-05,2.689543698863872e-08,0.0005474758800119162,2.80908203125
81,81000.0,2.280369471918675e-06,6.161297642393038e-05,5.99436731363312e-08,0.00011868216097354889,2.675751209259033
82,82000.0,3.891374490194721e-06,4.755463305627927e-05,4.791907315393473e-08,0.00014488691522274166,2.6137897968292236
83,83000.0,7.263245720423583e-07,5.4092699429020286e-05,2.7364498222937073e-08,7.227817695820704e-05,2.613386392593384
84,84000.0,2.0022391709062504e-06,4.745134719996713e-05,3.1191298432986514e-08,9.753851918503642e-05,2.615196704864502
85,85000.0,1.3460451953051233e-07,4.714147871709429e-05,1.693145534886753e-08,5.052352207712829e-05,2.664020299911499
86,86000.0,1.1385430980226374e-06,5.020657044951804e-05,2.6895518701053334e-08,7.869704131735489e-05,2.633392333984375
87,87000.0,8.162610174622387e-05,4.2060022678924724e-05,1.0469433675552864e-07,0.002082817256450653,2.6722559928894043
88,88000.0,1.0276562534272671e-07,4.338582948548719e-05,1.8962220238449845e-08,4.597393126459792e-05,2.6124463081359863
89,89000.0,7.156545052566798e-06,3.905037374352105e-05,1.1645341402299891e-07,0.00021808045858051628,2.800541400909424
90,90000.0,1.773582738451296e-07,3.730581374838948e-05,2.5340819220787125e-08,4.176511356490664e-05,2.6929991245269775
91,91000.0,1.913253618113231e-05,4.408908716868609e-05,1.2976825303212536e-07,0.0005225322092883289,2.855792760848999
92,92000.0,4.921491563436575e-05,3.97229814552702e-05,8.17780616557684e-08,0.0012701776577159762,2.6927542686462402
93,93000.0,2.425154661978013e-06,3.9968592318473384e-05,3.553441629833287e-08,0.00010063299851026386,2.706791639328003
94,94000.0,1.3205605682742316e-05,3.83940277970396e-05,1.133676263975758e-07,0.0003686475392896682,2.5720326900482178
95,95000.0,4.78872948406206e-07,3.4655015042517334e-05,1.6571485517147266e-08,4.6643410314572975e-05,2.5917022228240967
96,96000.0,4.445097147254273e-06,3.717416984727606e-05,4.842046763542385e-08,0.00014835000911261886,2.570511817932129
97,97000.0,5.447189437290945e-07,3.451168231549673e-05,5.248490086984248e-09,4.813490522792563e-05,2.6807284355163574
98,98000.0,9.123385098064318e-06,3.5730176023207605e-05,1.273771221832476e-08,0.00026382756186649203,2.6953914165496826
99,99000.0,4.301041826693108e-06,3.2726849894970655e-05,1.1087934126408072e-07,0.00014036378706805408,2.6990504264831543
100,100000.0,2.7147013952344423e-06,3.40264305123128e-05,3.081746413613473e-08,0.00010192478657700121,2.597574234008789
101,101000.0,3.2419255148852244e-05,3.454942998359911e-05,1.4224038125121297e-07,0.000845173082780093,2.567965507507324
102,102000.0,8.944149158196524e-05,3.290822132839821e-05,3.6163740446681913e-07,0.0022693071514368057,2.579460382461548
103,103000.0,1.3099461284582503e-06,2.8945460144313984e-05,2.4426690004020202e-08,6.171853601699695e-05,2.6675336360931396
104,104000.0,4.78179117635591e-07,2.9888044082326815e-05,2.168779822397937e-08,4.186420846963301e-05,2.5658562183380127
105,105000.0,3.972161266574403e-06,3.130980257992633e-05,1.249510539480525e-08,0.00013062632933724672,2.5697803497314453
106,106000.0,3.909903227850009e-07,3.114665378234349e-05,1.0043256892799945e-08,4.093145616934635e-05,2.5942039489746094
107,107000.0,9.795786354516167e-06,2.8187796488055028e-05,5.5976880020125463e-08,0.00027313840109854937,2.6251676082611084
108,108000.0,1.5231423731165705e-06,2.8423606636351906e-05,2.7195392604539848e-08,6.652936281170696e-05,2.723705768585205
109,109000.0,3.67010130730705e-07,2.6723886549007148e-05,7.809561886062966e-09,3.5906949051423e-05,2.5809407234191895
110,110000.0,4.127622378291562e-05,3.0391847758437507e-05,3.132630865820829e-08,0.0010623288108035922,2.64430570602417
111,111000.0,3.7321112813515356e-06,2.769412640191149e-05,1.3895203210267937e-08,0.00012101080938009545,2.912585973739624
112,112000.0,1.5520179658778943e-05,2.5986899345298298e-05,5.818050041739298e-08,0.0004140495730098337,2.6201257705688477
113,113000.0,1.0143859981326386e-05,2.9123182684998028e-05,6.1631084236069e-08,0.00028278131503611803,2.7600324153900146
114,114000.0,2.620998930069618e-05,2.8962962460354902e-05,1.5789727569881506e-07,0.0006843706360086799,2.8657593727111816
115,115000.0,5.9776542912004516e-05,3.200592254870571e-05,5.706881438527489e-07,0.00152699020691216,2.634079933166504
116,116000.0,1.1003968580780565e-07,2.449340172461234e-05,1.5347488613315363e-08,2.7259740818408318e-05,2.5644242763519287
117,117000.0,7.430645837303018e-06,2.689579559955746e-05,5.654268875332491e-08,0.0002127184852724895,2.693908214569092
118,118000.0,3.0152079489198513e-05,2.765240969893057e-05,4.830521334042714e-07,0.0007819375023245811,2.5669398307800293
119,119000.0,3.078147869928216e-07,2.4066523110377602e-05,9.263370515100178e-09,3.177115286234766e-05,2.66678786277771
120,120000.0,1.5223951095322263e-06,2.567023693700321e-05,1.1574890379506542e-08,6.37416887911968e-05,2.6395742893218994
121,121000.0,7.538069439760875e-07,2.2824910047347657e-05,2.0942797718248585e-08,4.1691029764479026e-05,2.6015307903289795
122,122000.0,7.116562983355834e-07,2.3715932911727577e-05,2.8404445018281876e-08,4.1535746277077124e-05,2.6649415493011475
123,123000.0,2.356335062358994e-05,2.3867980416980572e-05,1.8088167053065263e-07,0.0006131326663307846,3.1412739753723145
124,124000.0,6.041897449904354e-06,2.3640672225155868e-05,4.308154899490546e-08,0.00017473120533395559,2.8003830909729004
125,125000.0,3.570431204025226e-07,1.9590936062741093e-05,1.4102568002272164e-08,2.853111618605908e-05,2.752990484237671
126,126000.0,1.577003058628179e-05,2.167838829336688e-05,1.5608389247745436e-08,0.0004159447562415153,2.565943479537964
127,127000.0,5.6236854106828105e-06,2.4553535695304163e-05,8.538948748082476e-08,0.00016523106023669243,2.5736567974090576
128,128000.0,1.7432665799788083e-07,2.0658206267398782e-05,2.936495713257159e-09,2.501930794096552e-05,2.5659890174865723
129,129000.0,2.2690356615839846e-07,1.865988269855734e-05,1.7933226459376783e-08,2.435040551063139e-05,2.6235404014587402
130,130000.0,1.0526137117494727e-07,2.1429585103760473e-05,6.825916276653743e-09,2.4067945560091175e-05,2.567720651626587
131,131000.0,1.5599121638842917e-07,2.05317628569901e-05,2.1921261250668067e-08,2.4453463993268088e-05,2.564030647277832
132,132000.0,2.708273996177013e-06,1.826391599024646e-05,1.0496653324310046e-08,8.598126441938803e-05,2.5740621089935303
133,133000.0,6.913630556937278e-08,2.0855879483860917e-05,1.98501881598645e-09,2.2586271370528266e-05,2.6905834674835205
134,134000.0,4.051118551728905e-08,1.7501713955425657e-05,6.2864375927063065e-09,1.8520779121899977e-05,2.6257195472717285
135,135000.0,2.385250752467982e-07,1.9388915461604483e-05,5.798011404323233e-09,2.5357840058859438e-05,2.5719385147094727
136,136000.0,9.241336584864257e-08,1.824617720558308e-05,1.2238030144828826e-08,2.05687501875218e-05,2.7790539264678955
137,137000.0,2.437709190417081e-05,2.2480024199467152e-05,5.325327379068767e-08,0.0006319605745375156,2.7570605278015137
138,138000.0,1.8836959498003125e-05,2.1409408873296343e-05,3.888182220634917e-08,0.0004923722590319812,2.5692379474639893
139,139000.0,2.2044481795546744e-07,1.8930713849840686e-05,2.8887141567679464e-09,2.4444721930194646e-05,2.6072733402252197
140,140000.0,1.277227301699213e-08,1.7606424080440775e-05,1.226292667411144e-08,1.7937994925887324e-05,2.5747873783111572
141,141000.0,2.5421121208069053e-08,1.8147244190913625e-05,5.866828800549229e-09,1.878863804449793e-05,2.6257245540618896
142,142000.0,1.2933206505749695e-08,1.7676786228548735e-05,1.6401232594276394e-09,1.800175778043922e-05,2.6737735271453857
143,143000.0,2.5958406695281155e-06,1.5361616533482447e-05,1.0995242050171328e-08,8.026863361010328e-05,2.6547648906707764
144,144000.0,3.49163906321337e-06,2.0694413251476362e-05,4.8847066835833175e-08,0.00010803422628669068,2.7409884929656982
145,145000.0,9.486799399383017e-07,1.701210749160964e-05,2.1262044569425598e-08,4.075036849826574e-05,2.6325032711029053
146,146000.0,2.7613559439032542e-08,1.906561192299705e-05,2.615187399968022e-09,1.9758566850214265e-05,2.794431447982788
147,147000.0,8.294015287901857e-07,1.4901426766300574e-05,8.960731712193137e-09,3.5645425668917596e-05,2.71928334236145
148,148000.0,2.1377168195613194e-06,1.5885481843724847e-05,4.5881087373800256e-08,6.937428406672552e-05,2.7684948444366455
149,149000.0,1.7909653706738027e-06,1.5547077055089176e-05,2.781630570325433e-08,6.034902617102489e-05,2.5991275310516357
150,150000.0,6.979857516853372e-06,1.6159336155396886e-05,2.8583867717202338e-08,0.00019068435358349234,2.569765567779541
151,151000.0,2.167626007576473e-07,1.5082288882695138e-05,8.922117267218255e-09,2.0510275135166012e-05,2.5774197578430176
152,152000.0,1.853288631536998e-05,1.7661513993516564e-05,4.441094603180318e-08,0.0004810280806850642,2.7582104206085205
153,153000.0,1.3402086551650427e-07,1.5284473192878067e-05,5.04835284687033e-09,1.8640042981132865e-05,2.5675063133239746
154,154000.0,1.0816377198352711e-06,1.638436151552014e-05,1.2348788658300691e-08,4.3437652493594214e-05,2.5659942626953125
155,155000.0,4.0923984556684445e-07,1.4832840861345176e-05,1.5884609183558496e-08,2.5079722036025487e-05,2.564025640487671
156,156000.0,6.863437647552928e-06,1.4735774129803758e-05,1.69159086738091e-08,0.00018633862782735378,2.8341081142425537
157,157000.0,1.394061428072746e-06,1.3635439245263115e-05,6.688571918544994e-09,4.849366450798698e-05,2.701831817626953
158,158000.0,3.984536931511684e-07,1.4028138139110524e-05,2.1639856573330007e-09,2.3991644411580637e-05,2.6584959030151367
159,159000.0,4.88964769829181e-06,1.352781691821292e-05,4.998761404806373e-09,0.0001357740256935358,2.6607141494750977
160,160000.0,3.4502718335716054e-06,1.3164387382857967e-05,6.277968367385256e-09,9.942746692104265e-05,2.6829657554626465
161,161000.0,3.3489413908682764e-06,1.3869239410269074e-05,9.9047765544924e-09,9.760267857927829e-05,2.563394784927368
162,162000.0,1.360411800988004e-07,1.666549542278517e-05,2.2644546238126395e-09,2.00687900360208e-05,2.751035213470459
163,163000.0,2.5938657017832156e-06,1.3260650121083017e-05,9.039306192448748e-09,7.811633258825168e-05,2.5744409561157227
164,164000.0,8.222775704780361e-08,1.2660850188694894e-05,2.251008934806009e-09,1.4718795682711061e-05,2.587934732437134
165,165000.0,7.345071395548075e-08,1.2885581782029476e-05,3.455689956410879e-09,1.4725305845786352e-05,2.783925771713257
166,166000.0,1.8894514397516105e-08,1.2466229236451909e-05,3.1174325343386045e-09,1.2941709428559989e-05,2.5851047039031982
167,167000.0,3.834774133792962e-07,1.1220974556636065e-05,4.1611789569628854e-09,2.0812072762055323e-05,2.607822895050049
168,168000.0,1.7409216752639622e-06,1.2831336789531633e-05,2.8080039626843245e-08,5.6382461480097845e-05,2.7825775146484375
169,169000.0,4.7022066951285524e-07,1.2353266356512904e-05,1.4544452753284531e-08,2.4123328330460936e-05,2.6373329162597656
170,170000.0,1.8833644617188838e-06,1.241096015291987e-05,1.1134365429654736e-08,5.950620834482834e-05,2.8865509033203125
171,171000.0,4.68451247570556e-07,1.2296343811613042e-05,4.619521210003086e-09,2.4012246285565197e-05,2.7815208435058594
172,172000.0,1.2834514109272277e-06,1.2617980246432126e-05,7.491472331366822e-09,4.4711756345350295e-05,2.6737213134765625
173,173000.0,5.41785311725107e-06,1.2472225535020698e-05,1.3182686053880843e-08,0.00014793174341320992,2.565615653991699
174,174000.0,1.2641580724448431e-05,1.1349558917572722e-05,1.4196485764728095e-08,0.0003274032787885517,2.80108904838562
175,175000.0,5.584660812019138e-06,1.3277141988510266e-05,1.2599667087442867e-08,0.0001529062574263662,2.6882989406585693
176,176000.0,1.3204689253143442e-07,1.1907890439033508e-05,7.407867208542029e-09,1.5216470274026506e-05,2.6049599647521973
177,177000.0,1.626355242478894e-06,1.3019671314395964e-05,5.293390614724558e-08,5.373148451326415e-05,2.6612632274627686
178,178000.0,6.618526526835922e-08,1.2553871783893555e-05,3.0068882939104924e-09,1.4211510460881982e-05,2.592242479324341
179,179000.0,4.449211246537743e-06,1.1652361536107492e-05,5.575511607958106e-08,0.000122938392451033,2.5791053771972656
180,180000.0,3.981951977038989e-07,1.1024931154679507e-05,2.0573927006495296e-09,2.0981868146918714e-05,2.6208462715148926
181,181000.0,5.711674475605832e-07,1.1626559171418194e-05,2.590678560565607e-09,2.590833537396975e-05,2.6924500465393066
182,182000.0,3.5013655974580615e-08,1.2285329830774572e-05,1.3297580814253251e-08,1.3173968909541145e-05,2.585660696029663
183,183000.0,6.4053915593831334e-06,1.1495752914925106e-05,8.741647405940967e-09,0.00017163928714580834,2.5662901401519775
184,184000.0,2.4138143999152817e-06,1.1775772691180464e-05,6.0722764594345335e-09,7.212720811367035e-05,2.5898561477661133
185,185000.0,2.479649481301749e-07,1.2340405191935133e-05,2.196870418913477e-08,1.856149719969835e-05,2.6493537425994873
186,186000.0,1.9919774274512747e-08,1.0345151167712174e-05,4.320725555118088e-09,1.0847466910490766e-05,2.6287906169891357
187,187000.0,1.4208606735621743e-08,1.079605681297835e-05,3.1118561061305172e-09,1.1154384083056357e-05,2.6253879070281982
188,188000.0,8.305687515530735e-07,1.0859566828003153e-05,8.768417991689148e-09,3.163255314575508e-05,2.7631242275238037
189,189000.0,4.954733867634786e-07,9.959834642359056e-06,8.541373719417322e-10,2.2347525373334065e-05,2.609591007232666
190,190000.0,7.445481742252014e-08,1.0176042451348621e-05,6.628573245848202e-09,1.2044041795888916e-05,2.6535961627960205
191,191000.0,5.355298640097317e-07,9.468524694966618e-06,1.4205807641332058e-09,2.2858192096464336e-05,2.5651373863220215
192,192000.0,6.4088112594618e-06,9.462664820603095e-06,1.576683494874942e-08,0.00016969870193861425,2.5987143516540527
193,193000.0,4.134730318128277e-07,9.172293175652158e-06,5.0258854855655954e-09,1.9514145606081e-05,2.632746934890747
194,194000.0,1.0173610398567234e-08,1.0483073310751934e-05,2.2458128690061585e-09,1.073965904652141e-05,2.704904556274414
195,195000.0,4.222622180805047e-07,8.868683835316915e-06,3.9950882602113325e-09,1.9429233361734077e-05,2.898871660232544
196,196000.0,6.913447236911452e-08,9.289758054364938e-06,2.001628862657867e-09,1.1020121746696532e-05,2.6315906047821045
197,197000.0,4.638414736746199e-07,1.0126736924576107e-05,4.7834594063544955e-09,2.1727557395934127e-05,2.7720608711242676
198,198000.0,4.2868109062510484e-09,8.858322871674318e-06,2.057592984883172e-09,8.967550456873141e-06,2.7384567260742188
199,199000.0,2.08363762794761e-05,1.04301670944551e-05,6.223837090146844e-08,0.0005314017762430012,2.6172220706939697
200,200000.0,6.286104081709709e-08,9.026917723531369e-06,1.9804142770141198e-09,1.0600423593132291e-05,2.712924003601074
201,201000.0,8.699108548171353e-06,9.377350579597987e-06,9.490905483744427e-08,0.00022694998187944293,2.5982143878936768
202,202000.0,3.2023075391407474e-07,8.93950436875457e-06,1.7777125549400807e-08,1.696304934739601e-05,2.5662953853607178
203,203000.0,2.5884578036539097e-08,9.448641321796458e-06,1.6010534009680555e-09,1.0097356607730035e-05,2.577903985977173
204,204000.0,1.3988544651510892e-06,8.38428513816325e-06,3.8420587600285216e-08,4.3394069507485256e-05,2.783494234085083
205,205000.0,7.475812822121952e-07,9.029914508573711e-06,6.3614402634470935e-09,2.7725807740353048e-05,2.6079256534576416
206,206000.0,1.2292632618482457e-06,8.776357390161138e-06,3.214582378063824e-09,3.951115650124848e-05,2.8314707279205322
207,207000.0,1.753765332068724e-06,8.937980055634398e-06,4.123271502010084e-09,5.2786235755775124e-05,2.5832583904266357
208,208000.0,1.1785681408582604e-07,8.467698535241652e-06,1.4758440025630648e-09,1.1415594599384349e-05,2.6284303665161133
209,209000.0,1.7296074474870693e-06,9.842268809734378e-06,1.5244790319002277e-08,5.3097697673365474e-05,2.850527763366699
210,210000.0,1.62624317567861e-07,9.023933671414852e-06,6.513912742533989e-10,1.3090192624076735e-05,2.65805983543396
211,211000.0,1.4599977475882042e-06,8.257828994828742e-06,3.323801900378953e-09,4.476109825191088e-05,2.7566030025482178
212,212000.0,2.305477664776845e-06,8.451929716102313e-06,9.66812851999066e-10,6.608983676414937e-05,2.9202921390533447
213,213000.0,1.1117923577330657e-06,8.394196811423171e-06,2.9816380475722326e-09,3.619198832893744e-05,2.681952953338623
214,214000.0,3.539533555141361e-09,8.383881322515663e-06,2.776640251056506e-09,8.47514638735447e-06,2.927304744720459
215,215000.0,4.5418420135945325e-09,8.05969557404751e-06,8.573987630988711e-10,8.174099093594123e-06,2.8034133911132812
216,216000.0,3.73802571118631e-08,7.5574330367089715e-06,8.426406239436801e-09,8.500365765939932e-06,2.6350252628326416
217,217000.0,5.660412227825873e-08,7.336027465498773e-06,2.590118786116591e-09,8.753720976528712e-06,2.8594868183135986
218,218000.0,6.685785791660237e-08,8.647595677757636e-06,5.014594517405158e-09,1.0324057257093955e-05,2.618406295776367
219,219000.0,1.6312470734192175e-06,7.85705469752429e-06,1.8539413337848032e-09,4.864008951699361e-05,2.6462438106536865
220,220000.0,4.327652732172282e-06,8.880063433025498e-06,4.4620533934391915e-09,0.00011707584781106561,2.634845495223999
221,221000.0,1.0870619604474996e-07,8.069589966908097e-06,1.008401029345407e-09,1.0788253348437138e-05,2.649419069290161
222,222000.0,4.6141315124259563e-07,7.916060894785915e-06,3.447861995908852e-09,1.9454835637588985e-05,2.644310235977173
223,223000.0,1.0753509513961035e-06,6.457157269323943e-06,3.444973861732592e-09,3.334437496960163e-05,2.6993401050567627
224,224000.0,6.871079563097737e-07,6.564897830685368e-06,6.700428656358781e-09,2.374929863435682e-05,2.780789613723755
225,225000.0,4.013552370452089e-06,7.982980605447665e-06,1.2943011995503184e-08,0.00010833473788807169,2.6033942699432373
226,226000.0,1.1843051197502064e-06,7.779827683407348e-06,1.1887207662653054e-08,3.739934618351981e-05,2.567343235015869
227,227000.0,1.6131974689415074e-06,7.52979258322739e-06,1.7017725895129843e-08,4.787675061379559e-05,2.558464288711548
228,228000.0,1.3775535308013787e-06,8.014305421966128e-06,1.6878251685170653e-08,4.247002289048396e-05,2.771496295928955
229,229000.0,4.836236939809169e-07,8.26323503133608e-06,5.046077333759058e-09,2.0358873371151276e-05,2.591343641281128
230,230000.0,1.7157897218567086e-06,9.591967682354152e-06,1.2611940380935494e-09,5.24879724252969e-05,2.670461893081665
231,231000.0,5.2194004638295155e-06,7.132557584554888e-06,5.3558714796508866e-08,0.00013767114432994276,2.7374534606933594
232,232000.0,2.9541860513404572e-08,8.360907486348879e-06,1.6530024016248035e-09,9.10110702534439e-06,2.7871456146240234
233,233000.0,2.134690930688521e-07,7.104239557520486e-06,1.5135002140453935e-09,1.2442480510799214e-05,2.5789575576782227
234,234000.0,2.701397150417506e-08,7.560923677374376e-06,1.0328492505706777e-09,8.237306246883236e-06,2.842813014984131
235,235000.0,4.934487662922038e-08,6.183313871588325e-06,1.0906564540391628e-09,7.418026143568568e-06,2.789952516555786
236,236000.0,9.530469924357021e-07,7.1725175985193346e-06,4.628911476345365e-09,3.1003321055322886e-05,2.7143466472625732
237,237000.0,7.010005464991309e-09,6.2275207710627e-06,1.6911926303819769e-09,6.4044620557979215e-06,2.5789406299591064
238,238000.0,1.3988635139128291e-08,6.600568212888902e-06,2.064331594553437e-09,6.952348485356197e-06,2.563992500305176
239,239000.0,2.183075338280105e-07,6.5802396420622244e-06,5.1006123769070655e-09,1.204302861879114e-05,2.6302175521850586
240,240000.0,8.402563622667003e-08,6.981999831623398e-06,5.92563942358737e-10,9.083233635465149e-06,2.7004401683807373
241,241000.0,3.439695461793235e-08,6.432143436541082e-06,1.0584886300790686e-09,7.2931261456687935e-06,2.7040836811065674
242,242000.0,2.0417161294972175e-08,6.54178347758716e-06,2.2094355234258956e-09,7.054421985230874e-06,2.6734790802001953
243,243000.0,4.060860803178912e-08,6.4391442720079795e-06,2.8064246482273347e-09,7.457165793312015e-06,2.8256983757019043
244,244000.0,4.804396098734287e-07,7.55836072130478e-06,7.411756763886501e-10,1.9570090444176458e-05,2.5772628784179688
245,245000.0,3.5748897175835737e-08,8.24242306407541e-06,1.195565535461185e-09,9.137341294263024e-06,2.625687837600708
246,246000.0,4.765775543091877e-07,6.106325599830598e-06,1.8995607309335583e-09,1.8022663425654173e-05,2.6973063945770264
247,247000.0,8.066954819696548e-07,5.8525333770376164e-06,1.274366479009359e-08,2.6032663299702108e-05,2.574308395385742
248,248000.0,1.120225356920912e-09,6.1341070249909535e-06,4.315315049741031e-10,6.162544195831288e-06,2.732872486114502
249,249000.0,8.977901444495728e-08,7.123455816326896e-06,1.176614139453136e-09,9.36910782911582e-06,2.595309019088745
250,250000.0,2.775358325379784e-07,6.47151955490699e-06,1.571623164942082e-09,1.3411487088887952e-05,2.5591702461242676
251,251000.0,6.33756485513004e-07,6.401233349606628e-06,1.700966145712357e-09,2.2246846128837205e-05,2.5970187187194824
252,252000.0,6.242165113690135e-07,7.324880698433844e-06,3.319708730131765e-09,2.2933612854103558e-05,2.7052762508392334
253,253000.0,1.4105067691616568e-07,5.901082658965606e-06,1.0655506477164067e-09,9.42841506912373e-06,2.5631210803985596
254,254000.0,8.973130860567835e-08,6.059944098524284e-06,5.111466805374221e-10,8.303737558890134e-06,2.729501485824585
255,255000.0,6.910363481438253e-07,6.825069704063935e-06,2.0687662694029996e-09,2.41030465986114e-05,2.6499006748199463
256,256000.0,8.28685529086215e-07,5.269973826216301e-06,2.1595756294345847e-09,2.598927130748052e-05,2.6089258193969727
257,257000.0,1.445916041120654e-06,6.723149908793857e-06,3.477313992306108e-09,4.287452611606568e-05,2.5989904403686523
258,258000.0,1.7936964979980985e-07,6.166864295664709e-06,5.285696880186208e-10,1.0651633601810317e-05,2.559159517288208
259,259000.0,6.763684012867088e-08,6.154755283205304e-06,2.4330812919970413e-09,7.848108907637652e-06,2.643098831176758
260,260000.0,3.5289140498662164e-08,5.637666163238464e-06,5.498763111511096e-10,6.520444458146812e-06,2.6569995880126953
261,261000.0,2.836747370338344e-08,6.292415946518304e-06,2.611440841349122e-09,7.0042142397142015e-06,2.765254020690918
262,262000.0,1.888459593146763e-07,6.385881988535402e-06,1.7341852398544688e-09,1.110876564780483e-05,2.657714366912842
263,263000.0,3.6546047965657635e-08,6.17584191786591e-06,6.554789488966151e-10,7.0901483013585676e-06,2.75091552734375
264,264000.0,1.4654645497103047e-07,6.242823928914731e-06,1.0782305048806506e-09,9.907564162858762e-06,2.826235055923462
265,265000.0,2.5652870050407728e-08,6.4099453993549105e-06,1.0740807132592067e-09,7.052341061353218e-06,2.582528591156006
266,266000.0,1.1199333016520541e-07,5.347824298951309e-06,9.016783431015085e-10,8.148558663378935e-06,2.5678560733795166
267,267000.0,1.809192298196649e-07,5.9183325902267825e-06,3.5989225488641807e-10,1.0441674021421932e-05,2.619459629058838
268,268000.0,2.3202192096505314e-06,6.537801709782798e-06,1.3082434024980216e-09,6.454459071392193e-05,2.737414598464966
269,269000.0,1.1366039665006156e-08,6.405274689313956e-06,3.4742759780215238e-09,6.69290011501289e-06,2.5878047943115234
270,270000.0,3.266139003699209e-08,5.249185505817877e-06,1.0355565294162261e-09,6.066755759093212e-06,2.634780168533325
271,271000.0,1.3705413266507094e-06,7.0677224357496016e-06,1.7474470759282212e-09,4.13330017181579e-05,2.622218608856201
272,272000.0,1.1514009656821145e-06,5.227423571341205e-06,4.2096104380107136e-09,3.4016655263258144e-05,2.623823642730713
273,273000.0,2.7456476914267114e-07,5.382517429097788e-06,1.318775932901417e-08,1.2259824870852754e-05,2.7038261890411377
274,274000.0,6.717316836102327e-08,5.5682676247670315e-06,2.3257409331733925e-09,7.249922418850474e-06,2.694821834564209
275,275000.0,3.2920739467812155e-09,5.1584397624537814e-06,4.3874234800789225e-10,5.241180588200223e-06,2.6646716594696045
276,276000.0,1.5528115682172938e-07,5.991303623886779e-06,2.8190074718992264e-09,9.876152034848928e-06,2.570091962814331
277,277000.0,1.8940575046144659e-06,5.792692263639765e-06,1.5708842004968915e-09,5.314570080372505e-05,2.6009035110473633
278,278000.0,5.317968998497236e-07,4.840276687900769e-06,1.3063705672777814e-09,1.813650487747509e-05,2.6083033084869385
279,279000.0,1.7540020280648605e-07,5.248969500826206e-06,6.438811150921708e-10,9.634618436393794e-06,2.6465792655944824
280,280000.0,8.78211352528524e-08,5.426624284154968e-06,1.410780936517142e-09,7.623563305969583e-06,2.5638649463653564
281,281000.0,1.3488975980635587e-07,5.267086635285523e-06,3.069994258808606e-09,8.642399734526407e-06,2.8248207569122314
282,282000.0,1.0478461653917748e-08,5.909934770897962e-06,3.229412293137557e-10,6.172219400468748e-06,2.6340558528900146
283,283000.0,6.216490646693273e-07,5.2383534239197616e-06,9.93955140415892e-10,2.078057332255412e-05,2.7574870586395264
284,284000.0,3.418808205424284e-07,5.060122930444777e-06,1.7400768603792471e-09,1.3608882909466047e-05,2.872314929962158
285,285000.0,2.087090820168669e-07,5.483418590301881e-06,2.670783594282966e-09,1.0703816769819241e-05,2.6221468448638916
286,286000.0,1.1982881176209048e-07,5.401819180406164e-06,1.0678744555292496e-09,8.398606951232068e-06,2.640148162841797
287,287000.0,1.8274893420766603e-07,4.729637112177443e-06,5.774887790188643e-10,9.298938493884634e-06,2.653177261352539
288,288000.0,1.6276062808628922e-07,4.694024937634822e-06,5.555567672566042e-10,8.763596270000562e-06,2.575927495956421
289,289000.0,2.4186565639183755e-08,5.139399490872165e-06,4.3927531057086355e-10,5.744503141613677e-06,2.569748640060425
290,290000.0,2.8589468570316967e-07,4.856319264945341e-06,3.7097405702901654e-10,1.2004057680314872e-05,2.6549184322357178
291,291000.0,1.956052386731244e-08,4.9736981964088045e-06,1.190464810063574e-10,5.462830358737847e-06,2.7113969326019287
292,292000.0,1.4229510014729385e-08,5.492353011504747e-06,2.0764667763017997e-09,5.850167326570954e-06,2.6531975269317627
293,293000.0,3.0757448143958754e-08,5.032221451983787e-06,6.136338659423757e-10,5.801771294500213e-06,2.575596570968628
294,294000.0,1.4507678613995267e-08,6.308068805083167e-06,1.4712150386841927e-09,6.6722318479151e-06,2.5682783126831055
295,295000.0,4.661440300424147e-08,4.949889898853144e-06,2.215962302543062e-09,6.117466000432614e-06,2.544520139694214
296,296000.0,3.237192913729814e-08,5.218294063524809e-06,3.981596441438029e-10,6.027990821166895e-06,2.7437074184417725
297,297000.0,1.1887691941936396e-09,4.977257049176842e-06,3.698287509568132e-10,5.007345862395596e-06,2.689690589904785
298,298000.0,1.639565816446975e-08,4.5495989979826845e-06,6.754083403670563e-10,4.960165824741125e-06,2.5466508865356445
299,299000.0,1.7041280671037384e-06,4.954980795446318e-06,5.501292754672704e-09,4.7563684347551316e-05,2.5991177558898926
300,300000.0,3.2505937941351704e-09,4.605766662280075e-06,9.629343988848404e-10,4.687994533014717e-06,2.5661067962646484
301,301000.0,1.028032485805852e-07,4.654471922549419e-06,3.4059624565152546e-10,7.224893579405034e-06,2.5526413917541504
302,302000.0,2.937318610563011e-09,4.896486643701792e-06,2.728246517591515e-10,4.970192549080821e-06,2.7056503295898438
303,303000.0,4.6485748583791064e-08,4.710694156528916e-06,7.2843286957891e-10,5.873566351510817e-06,2.7772133350372314
304,304000.0,6.162135246512435e-09,4.649606125894934e-06,6.902390881080578e-10,4.804349828191334e-06,2.725301742553711
305,305000.0,7.023122350346966e-08,4.842314410780091e-06,3.800329495540211e-10,6.598475010832772e-06,2.894775629043579
306,306000.0,1.799490512155444e-08,4.816617092728848e-06,3.906891477001295e-10,5.26688017998822e-06,2.5438835620880127
307,307000.0,5.531618896270629e-08,4.713166617875686e-06,9.134929479515108e-10,6.09698508924339e-06,3.0951461791992188
308,308000.0,8.117415717379117e-08,4.7330186134786345e-06,3.844829732368993e-10,6.762756584066665e-06,2.732975959777832
309,309000.0,4.3194964405302017e-07,4.644195087166736e-06,6.529993767934172e-10,1.544358929095324e-05,2.660356283187866
310,310000.0,2.0531727429329294e-08,4.481554242374841e-06,8.183516087001408e-10,4.995666131435428e-06,2.6842117309570312
311,311000.0,7.853498296128691e-09,4.503059699345613e-06,1.1156305879111983e-09,4.700512818089919e-06,2.927827835083008
312,312000.0,4.114845708613757e-08,4.3928512241109274e-06,3.425111028132477e-10,5.421904916147469e-06,2.8852851390838623
313,313000.0,2.0337085970822955e-07,5.4399934015236795e-06,2.2951776035284865e-09,1.0526560799917206e-05,2.5885798931121826
314,314000.0,6.730407164923236e-08,4.65197945231921e-06,1.9318859845185443e-09,6.336513251881115e-06,2.7498152256011963
315,315000.0,7.670708868090514e-08,4.599381554726278e-06,9.863676542209987e-10,6.518045211123535e-06,2.541576623916626
316,316000.0,1.163469320886179e-08,5.188192972127581e-06,7.508594301874894e-10,5.479811079567298e-06,2.6410722732543945
317,317000.0,1.8406915103241772e-07,4.522583822108572e-06,2.1453527843107167e-09,9.126458280661609e-06,2.6943037509918213
318,318000.0,7.18016091028062e-09,4.842308499064529e-06,1.1873410032947618e-09,5.023000085202511e-06,2.5412144660949707
319,319000.0,7.051421668791136e-10,4.5167716962168925e-06,2.403345578105842e-10,4.534640993369976e-06,2.811694383621216
320,320000.0,4.027021383024021e-09,3.887542789016152e-06,5.817314407963181e-10,3.988800017395988e-06,2.589714765548706
321,321000.0,5.1585246296781406e-08,4.361704213806661e-06,6.995595769332397e-10,5.6520348152844235e-06,2.543301582336426
322,322000.0,5.814601777842654e-08,4.173181878286414e-06,3.0084021940268713e-09,5.62984087082441e-06,2.733504056930542
323,323000.0,9.620627849926677e-09,4.350145445641829e-06,1.7707627031349205e-10,4.590838216245174e-06,2.5611672401428223
324,324000.0,5.1339860362986656e-08,4.451673703442793e-06,2.2286517076253176e-10,5.735393187933369e-06,2.7806077003479004
325,325000.0,9.943105228060745e-10,4.685430667450419e-06,4.1044637133502704e-10,4.710699158749776e-06,2.5433406829833984
326,326000.0,1.2796114390312141e-08,4.509768587013241e-06,1.7888980574642943e-10,4.829850240639644e-06,2.6088802814483643
327,327000.0,1.2215533029547032e-09,4.346018158685183e-06,1.5993187885143811e-09,4.378156518214382e-06,2.6096925735473633
328,328000.0,1.4886976096306626e-08,3.9925234887050465e-06,1.0003547296077997e-10,4.3647978600347415e-06,2.568294048309326
329,329000.0,2.6344103787323547e-08,4.570948476612102e-06,1.4852251373209668e-10,5.229699581832392e-06,2.6156105995178223
330,330000.0,8.029630294004164e-10,4.405400886753341e-06,1.9526273653536208e-10,4.425669885677053e-06,2.568539619445801
331,331000.0,6.080091541349475e-09,4.292718585929833e-06,2.5404807146856e-09,4.447261744644493e-06,2.6235368251800537
332,332000.0,1.567137672964236e-07,4.052344138472108e-06,3.8279063252488754e-10,7.970570550241973e-06,2.7160837650299072
333,333000.0,9.871566675201393e-08,4.280920165911084e-06,2.7421276360684033e-09,6.751553883077577e-06,2.57509708404541
334,334000.0,3.349798438634366e-09,4.178040398983285e-06,1.1971630631268937e-10,4.2619049054337665e-06,2.6760826110839844
335,335000.0,1.1168539870709537e-08,4.1467524170002434e-06,5.173647066314402e-10,4.4264834286877885e-06,2.538707971572876
336,336000.0,1.178543596047632e-09,3.954616204282502e-06,5.846012562926717e-10,3.984664544987027e-06,2.582529306411743
337,337000.0,3.3272662847139145e-08,3.975578238168964e-06,1.3258767417312356e-09,4.808720859728055e-06,2.5943145751953125
338,338000.0,1.329582333120527e-09,3.710106739163166e-06,1.0227537566853684e-10,3.743448587556486e-06,2.743720054626465
339,339000.0,1.2359016032803538e-08,4.002435161964968e-06,4.667603525909669e-10,4.31187709182268e-06,2.54303240776062
340,340000.0,7.574627147732826e-09,4.242536761012161e-06,2.8414195996084857e-10,4.432186869962607e-06,2.607057571411133
341,341000.0,1.7794914697333297e-07,4.2726951505756006e-06,6.452753886776463e-10,8.72206874191761e-06,2.582846164703369
342,342000.0,2.7192495366534786e-08,4.237834218656644e-06,2.7601379515296287e-10,4.917922524327878e-06,3.010529041290283
343,343000.0,2.113460766395292e-07,4.3105819713673554e-06,1.1336456218202784e-09,9.59536737354938e-06,2.5479209423065186
344,344000.0,1.9680862806126243e-07,3.920365088561084e-06,4.3879808120372843e-10,8.841019734973088e-06,2.545442819595337
345,345000.0,4.5952572236274136e-07,4.2746059989440255e-06,8.927324435248352e-10,1.5763642295496538e-05,2.6233251094818115
346,346000.0,6.392444618086301e-08,4.1391458580619656e-06,4.68218852578417e-10,5.737725587096065e-06,2.5471084117889404
347,347000.0,2.4860113967406505e-08,4.382564384286525e-06,1.6255824464295188e-10,5.004229478799971e-06,2.5373318195343018
348,348000.0,2.2070802963014557e-09,4.1061580304813106e-06,1.597524224017377e-09,4.162932782492135e-06,2.5527782440185547
349,349000.0,5.832642813174971e-08,3.87737418350298e-06,1.1102353481007299e-09,5.336644790077116e-06,2.786302089691162
350,350000.0,1.7877619384876198e-08,4.2636033867893275e-06,3.019649252866685e-10,4.710846042144112e-06,2.558405637741089
351,351000.0,7.810871949232023e-08,5.054100256529637e-06,2.2644996988674393e-10,7.007044587226119e-06,2.725391387939453
352,352000.0,1.537607232648952e-07,4.302129127609078e-06,2.2745944017188435e-10,8.146374966599979e-06,2.6065895557403564
353,353000.0,2.1226362889592565e-08,3.93961545341881e-06,2.1452797871468476e-10,4.470489329833072e-06,2.5832810401916504
354,354000.0,1.1982841385815846e-08,3.917299181921408e-06,6.407340769065684e-10,4.217511104798177e-06,2.5491108894348145
355,355000.0,1.495506438686789e-07,3.4625109037733637e-06,1.2962237949665223e-09,7.202573215181474e-06,2.5420594215393066
356,356000.0,6.612870251387903e-10,3.990526693087304e-06,1.9639255499637187e-10,4.007255483884364e-06,2.718717575073242
357,357000.0,2.057853443204749e-08,3.5763457617576933e-06,8.915605476111921e-10,4.091700702701928e-06,2.554624080657959
358,358000.0,5.700989191836925e-08,4.3907480176130775e-06,4.471381043202882e-10,5.816442353534512e-06,2.7207460403442383
359,359000.0,8.460847578106723e-10,4.101911144971382e-06,1.7900807225412763e-10,4.123242433706764e-06,2.6455323696136475
360,360000.0,2.324714643009429e-08,3.6227238524588756e-06,9.610763296308278e-10,4.204863216727972e-06,2.626615524291992
361,361000.0,3.4551281835604186e-09,3.5721695894608274e-06,4.747948700867255e-10,3.6590224681276595e-06,2.548271894454956
362,362000.0,2.761630355507805e-07,3.7643112591467798e-06,8.025831665925409e-10,1.066918957803864e-05,2.610964775085449
363,363000.0,2.9103214060910432e-08,3.668073986773379e-06,2.9561575409786656e-10,4.395949872559868e-06,2.5503361225128174
364,364000.0,4.539334685915719e-09,3.838331849692622e-06,3.6453037810524336e-10,3.952180122723803e-06,2.6167407035827637
365,365000.0,8.44977954272963e-09,4.861165962211089e-06,1.0910599090863116e-09,5.073501597507857e-06,2.789231538772583
366,366000.0,7.449212913179792e-10,3.563300197129138e-06,1.728340803808237e-10,3.5820960420096526e-06,2.587148666381836
367,367000.0,7.47912167753384e-08,4.012490535387769e-06,5.015650672568484e-10,5.882772256882163e-06,2.602383852005005
368,368000.0,8.078161251034999e-09,4.623750101018231e-06,1.1364466034891052e-09,4.826840722671477e-06,2.592386484146118
369,369000.0,1.7787445960593118e-09,3.930575076083187e-06,1.1433103352942453e-09,3.976187144871801e-06,2.5795459747314453
370,370000.0,4.184450830280184e-08,3.5461523566482356e-06,9.832196168346741e-11,4.592363438860048e-06,2.5848515033721924
371,371000.0,8.519519312244483e-09,3.495996452329564e-06,9.273828233125059e-11,3.709077191160759e-06,2.7007389068603516
372,372000.0,8.084101210670269e-08,3.324038061691681e-06,5.738884367723074e-10,5.345636964193545e-06,2.785254955291748
373,373000.0,3.7069966651870345e-08,4.159225682087708e-06,4.6192741298689555e-10,5.086436885903822e-06,2.645374059677124
374,374000.0,1.3820085076332589e-09,3.5589566778071458e-06,2.913367602719319e-10,3.593798055590014e-06,3.0047247409820557
375,375000.0,7.254896416952761e-08,3.860931883536978e-06,1.1837758551180855e-09,5.675839474861277e-06,2.5611531734466553
376,376000.0,9.868554684544506e-08,3.6661613194155507e-06,1.1797697541116037e-10,6.1334180827543605e-06,2.682112455368042
377,377000.0,6.59436771854871e-09,3.999306500190869e-06,3.234696122067504e-10,4.164488927926868e-06,2.642784833908081
378,378000.0,4.980458356840245e-08,3.732588993443642e-06,6.314829770204256e-10,4.978335255145794e-06,2.574477434158325
379,379000.0,3.6982236717442163e-10,3.616229605540866e-06,3.6160863192691295e-10,3.6258365980756935e-06,2.5498411655426025
380,380000.0,2.627499640084352e-08,3.696246722029173e-06,1.430003115920897e-09,4.3545519474719185e-06,2.540818929672241
381,381000.0,1.431966656362249e-09,3.2937571177171776e-06,8.36488378563871e-10,3.3303927011729684e-06,2.5843567848205566
382,382000.0,3.394510272869411e-08,3.7832178350072354e-06,4.6310161261331473e-10,4.632308446161915e-06,2.6145131587982178
383,383000.0,2.874282145626239e-08,4.2472256609471515e-06,2.385124098225333e-09,4.96818120154785e-06,2.612112283706665
384,384000.0,3.917343605053247e-08,3.4921802125609247e-06,3.096048695194753e-10,4.471825832297327e-06,2.6347367763519287
385,385000.0,1.1359226448348636e-08,3.247027052566409e-06,1.5169824285621303e-09,3.5325247154105455e-06,2.6027321815490723
386,386000.0,1.1627451890205975e-08,3.395262183403247e-06,2.2401518140480192e-10,3.6861724765913095e-06,2.6232361793518066
387,387000.0,2.253512398908697e-08,4.524090400082059e-06,3.75230679861005e-10,5.087843874207465e-06,2.5363070964813232
388,388000.0,6.894908466392735e-08,3.3934402381419204e-06,1.0661444643789153e-10,5.117273758514784e-06,2.5445191860198975
389,389000.0,3.831481354410471e-09,3.484464514258434e-06,2.898311313170865e-10,3.5805414881906472e-06,2.5407962799072266
390,390000.0,2.1205629252563085e-08,3.6129104046267457e-06,1.5070081293977466e-10,4.143201749684522e-06,2.5469250679016113
391,391000.0,5.9232693416788607e-08,4.23551864514593e-06,1.1137922528714483e-10,5.716447503800737e-06,2.5873024463653564
392,392000.0,1.5981810008725006e-07,3.3333096780552296e-06,7.543110580598977e-10,7.329516392928781e-06,2.7545135021209717
393,393000.0,2.0338168482680885e-08,3.745275307664997e-06,9.017816354761621e-11,4.253819497535005e-06,2.7230942249298096
394,394000.0,2.658012032696888e-09,3.227651404813514e-06,1.2981914154774898e-10,3.294231419204152e-06,2.535280704498291
395,395000.0,1.3319707115044821e-08,3.59628666046774e-06,7.969785248418404e-11,3.929359081666917e-06,2.7938127517700195
396,396000.0,1.2714497010790637e-08,3.819830908469157e-06,1.5655134133485404e-10,4.137849828111939e-06,2.5711545944213867
397,397000.0,1.1916490194607832e-07,3.6505093703453895e-06,1.0313219167557008e-09,6.630663392570568e-06,2.6747894287109375
398,398000.0,1.331606647170247e-08,3.6960561828891514e-06,1.5030586497655207e-10,4.029108367831213e-06,2.566077709197998
399,399000.0,2.8918689665147213e-08,3.5154648685420398e-06,3.7367184346770443e-10,4.238806013745489e-06,2.6817514896392822
